ROI,GPE_NPS,GPE_NPZ,GPE_MVRR,RC,Agr,GPE_high,GPE_low,Fillers
0,0.850574713,0.717948718,0.837209302,0.882681564,0.630136986,0.37398374,-0.127659574,0.98989899
1,0.837209302,0.816568047,0.80952381,0.591549296,0.449612403,0.4375,0.181818182,0.98989899
2,0.850574713,0.816568047,0.876404494,0.561151079,0.305084746,0.611111111,0.290598291,0.98989899
