ROI,GPE_NPS,GPE_NPZ,GPE_MVRR,RC,Agr,GPE_high,GPE_low,Fillers
0,0.81164587,0.648648649,0.757763975,0.911860718,0.740554156,0.662207358,0.407643312,0.994890688
1,0.861696073,0.833819242,0.887652948,0.585572843,0.529411765,0.717126363,0.461538462,0.994890688
2,0.824911868,0.831775701,0.902907296,0.649561107,0.465080583,0.666666667,0.248686515,0.994890688
